Country Name,Country Code,Indicator Name,Indicator Code,1960,1961,1962,1963,1964,1965,1966,1967,1968,1969,1970,1971,1972,1973,1974,1975,1976,1977,1978,1979,1980,1981,1982,1983,1984,1985,1986,1987,1988,1989,1990,1991,1992,1993,1994,1995,1996,1997,1998,1999,2000,2001,2002,2003,2004,2005,2006,2007,2008,2009,2010,2011,2012,2013,2014,2015,2016,2017,2018,2019,2020,2021
Aruba,ABW,Wholesale price index (2010 = 100),FP.WPI.TOTL,,,,,,,,,,,,,,,,,,,,,,,,,,,,,,,,,,,,,,,,,,,,,,,,,,,,,,,,,,,,,,
Africa Eastern and Southern,AFE,Wholesale price index (2010 = 100),FP.WPI.TOTL,,,,,,,,,,,,,,,,,,,,,,,,,,,,,,,,,,,,,,,,,,,,,,,,,,,,,,,,,,,,,,
Afghanistan,AFG,Wholesale price index (2010 = 100),FP.WPI.TOTL,,,,,,,,,,,,,,,,,,,,,,,,,,,,,,,,,,,,,,,,,,,,,,,,,,,,,,,,,,,,,,
Africa Western and Central,AFW,Wholesale price index (2010 = 100),FP.WPI.TOTL,,,,,,,,,,,,,,,,,,,,,,,,,,,,,,,,,,,,,,,,,,,,,,,,,,,,,,,,,,,,,,
Angola,AGO,Wholesale price index (2010 = 100),FP.WPI.TOTL,,,,,,,,,,,,,,,,,,,,,,,,,,,,,,,,,,,,,,,,,,,,,,,,,80.09992442,88.67602898,100,111.8899144,117.8407805,127.7201994,136.2964228,148.7958474,179.1393913,220.3805932,,,,
Albania,ALB,Wholesale price index (2010 = 100),FP.WPI.TOTL,,,,,,,,,,,,,,,,103.047619,,,,,103.047619,100,100,100,100,100,95.23809524,,,,,,,,,,,,,,,,,,,,,,,,,,,,,,,,,,,
Andorra,AND,Wholesale price index (2010 = 100),FP.WPI.TOTL,,,,,,,,,,,,,,,,,,,,,,,,,,,,,,,,,,,,,,,,,,,,,,,,,,,,,,,,,,,,,,
Arab World,ARB,Wholesale price index (2010 = 100),FP.WPI.TOTL,,,,,,,,,,,,,,,,,,,,,,,,,,,,,,,,,,,,,,,,,,,,,,,,,,,,,,,,,,,,,,
United Arab Emirates,ARE,Wholesale price index (2010 = 100),FP.WPI.TOTL,,,,,,,,,,,,,,,,,,,,,,,,,,,,,,,,,,,,,,,,,,,,,,,,,,,,,,,,,,,,,,
Argentina,ARG,Wholesale price index (2010 = 100),FP.WPI.TOTL,,,,,,,,,,,,,,,,,,,,,,,,,,,,,,,,,,,,,,,,,,,,,,,,,,,,,,,,,,,,,,
Armenia,ARM,Wholesale price index (2010 = 100),FP.WPI.TOTL,,,,,,,,,,,,,,,,,,,,,,,,,,,,,,,,,,,,,,,,,,,,,,,,,,,,,,,,,,,,,,
American Samoa,ASM,Wholesale price index (2010 = 100),FP.WPI.TOTL,,,,,,,,,,,,,,,,,,,,,,,,,,,,,,,,,,,,,,,,,,,,,,,,,,,,,,,,,,,,,,
Antigua and Barbuda,ATG,Wholesale price index (2010 = 100),FP.WPI.TOTL,,,,,,,,,,,,,,,,,,,,,,,,,,,,,,,,,,,,,,,,,,,,,,,,,,,,,,,,,,,,,,
Australia,AUS,Wholesale price index (2010 = 100),FP.WPI.TOTL,,,,,,,,,,18.98983841,18.96956345,19.00543453,19.76028685,23.28189124,26.55395768,28.14320254,31.519763,35.9615386,40.31597593,53.86432729,64.39794824,66.57672651,68.98944662,75.10312653,75.99366511,83.5343902,85.49864208,89.73662603,89.86294448,90.08400177,93.6967094,93.20406745,96.33044906,100.7389629,99.05892756,100,,,,,,,,,,,,,,,,,,,,,,,,,,
Austria,AUT,Wholesale price index (2010 = 100),FP.WPI.TOTL,,,,,,,,,,,,,,,,,,,,,,,,,,,,,,,,,,,,,,,,,81.47606007,82.68930609,82.39049764,83.72055206,87.86735798,89.67502531,92.29280945,96.04703136,102.2266589,94.65704068,100,108.3081072,110.8840564,109.6627945,107.5308157,103.7613359,101.3422252,106.0503977,110.4991292,110.4516302,105.9022361,116.8895931
Azerbaijan,AZE,Wholesale price index (2010 = 100),FP.WPI.TOTL,,,,,,,,,,,,,,,,,,,,,,,,,,,,,,,,,,,,,,,,,,,,,,,,,,,,,,,,,,,,,,
Burundi,BDI,Wholesale price index (2010 = 100),FP.WPI.TOTL,,,,,,,,,,,,,,,,,,,,,,,,,,,,,,,,,,,,,,,,,,,,,,,,,,,,,,,,,,,,,,
Belgium,BEL,Wholesale price index (2010 = 100),FP.WPI.TOTL,,,,,,,,,,,,,,,,,,,,,,,,,,,,,,,,,,,,,,,,,,,,,,,,,,,,,,,,,,,,,,
Benin,BEN,Wholesale price index (2010 = 100),FP.WPI.TOTL,,,,,,,,,,,,,,,,,,,,,,,,,,,,,,,,,,,,,,,,,,,,,,,,,,,,,,,,,,,,,,
Burkina Faso,BFA,Wholesale price index (2010 = 100),FP.WPI.TOTL,,,,,,,,,,,,,,,,,,,,,,,,,,,,,,,,,,,,,,,,,,,,,,,,,,,,,,,,,,,,,,
Bangladesh,BGD,Wholesale price index (2010 = 100),FP.WPI.TOTL,,,,,,,,,,,,,,12.87445433,21.28164876,20.46213902,15.27577233,18.00663197,19.30809268,23.31749496,25.99823707,28.79382136,31.70907488,34.76057757,41.4110141,44.42986064,48.63314305,51.27212055,54.03819678,60.1368368,62.74345198,65.52216253,67.37323707,69.51813298,72.51511081,77.40933512,78.73572868,80.11668905,86.58915379,88.99848892,86.98791135,86.71087979,88.57034923,93.63666891,97.12055071,100,,,,,,,,,,,,,,,,
Bulgaria,BGR,Wholesale price index (2010 = 100),FP.WPI.TOTL,,,,,,,,,,,,,,,,,,,,,,,,,,,,,,,,,,,,,,,,,,,,,,,,,,,,,,,,,,,,,,
Bahrain,BHR,Wholesale price index (2010 = 100),FP.WPI.TOTL,,,,,,,,,,,,,,,,,,,,,,,,,,,,,,,,,,,,,,,,,,,,,,,,,,,,,,,,,,,,,,
"Bahamas, The",BHS,Wholesale price index (2010 = 100),FP.WPI.TOTL,,,,,,,,,,,,,,,,,,,,,,,,,,,,,,,,,,,,,,,,,,,,,,,,,,,,,,,,,,,,,,
Bosnia and Herzegovina,BIH,Wholesale price index (2010 = 100),FP.WPI.TOTL,,,,,,,,,,,,,,,,,,,,,,,,,,,,,,,,,,,,,,,,,,,,,,,,,,,,,,,,,,,,,,
Belarus,BLR,Wholesale price index (2010 = 100),FP.WPI.TOTL,,,,,,,,,,,,,,,,,,,,,,,,,,,,,,,,,,,,,,,,,,,,,,,,,,,,,,,,,,,,,,
Belize,BLZ,Wholesale price index (2010 = 100),FP.WPI.TOTL,,,,,,,,,,,,,,,,,,,,,,,,,,,,,,,,,,,,,,,,,,,,,,,,,,,,,,,,,,,,,,
Bermuda,BMU,Wholesale price index (2010 = 100),FP.WPI.TOTL,,,,,,,,,,,,,,,,,,,,,,,,,,,,,,,,,,,,,,,,,,,,,,,,,,,,,,,,,,,,,,
Bolivia,BOL,Wholesale price index (2010 = 100),FP.WPI.TOTL,,,,,,,,,,,,,,,,,,,,,,,,,,,53.15685258,58.7383221,69.90126115,83.30476153,100,119.2042419,,,,,,,,,,,,,,,,,,,,,,,,,,,,,,
Brazil,BRA,Wholesale price index (2010 = 100),FP.WPI.TOTL,1.77E-13,2.45E-13,3.75E-13,6.51E-13,1.25E-12,1.89E-12,2.58E-12,3.23E-12,4.01E-12,4.82E-12,5.88E-12,7.06E-12,8.37E-12,9.77E-12,1.26E-11,1.61E-11,2.25E-11,3.17E-11,4.40E-11,6.83E-11,1.43E-10,3.05E-10,5.89E-10,1.57E-09,5.29E-09,1.74E-08,4.64E-08,1.51E-07,1.18E-06,1.71E-05,0.000478953,0.002417134,0.026237539,0.563625702,13.40863056,21.28789134,22.55024301,26.17371197,28.20328186,33.0759623,40.07564362,45.12592343,52.645415,67.15247551,74.17679593,78.30561287,78.93918003,83.35898717,94.78387435,94.58775722,100,109.444785,115.887835,122.7556294,128.3177724,136.117387,151.6998152,150.5760099,161.0179451,172.2849228,203.2360417,275.2109706
Barbados,BRB,Wholesale price index (2010 = 100),FP.WPI.TOTL,,,,,,,,,,,,,,,,,,,,,,,,,,,,,,,,,,,,,,,,,,,,,,,,,,,,,,,,,,,,,,
Brunei Darussalam,BRN,Wholesale price index (2010 = 100),FP.WPI.TOTL,,,,,,,,,,,,,,,,,,,,,,,,,,,,,,,,,,,,,,,,,,,,,,,,,,,,,,,,,,,,,,
Bhutan,BTN,Wholesale price index (2010 = 100),FP.WPI.TOTL,,,,,,,,,,,,,,,,,,,,,,,,,,,,,,,,,,,,,,,,,,,,,,,,,,,,,,,,,,,,,,
Botswana,BWA,Wholesale price index (2010 = 100),FP.WPI.TOTL,,,,,,,,,,,,,,,,,,,,,,,,,,,,,,,,,,,,,,,,,,,,,,,,,,,,,,,,,,,,,,
Central African Republic,CAF,Wholesale price index (2010 = 100),FP.WPI.TOTL,,,,,,,,,,,,,,,,,,,,,,,,,,,,,,,,,,,,,,,,,,,,,,,,,,,,,,,,,,,,,,
Canada,CAN,Wholesale price index (2010 = 100),FP.WPI.TOTL,,,,,,,,,,,,,,,,,,,,,,,,,,,,,,,,,,,,,,,,,,,,,,,,,,,,,,,,,,,,,,
Central Europe and the Baltics,CEB,Wholesale price index (2010 = 100),FP.WPI.TOTL,,,,,,,,,,,,,,,,,,,,,,,,,,,,,,,,,,,,,,,,,,,,,,,,,,,,,,,,,,,,,,
Switzerland,CHE,Wholesale price index (2010 = 100),FP.WPI.TOTL,,,,,,,,,,,,,,,,,,,,,,,,,,,,,,,,,,,,,,,,,,,,,,,,,,,,,,,,,,,,,,
Channel Islands,CHI,Wholesale price index (2010 = 100),FP.WPI.TOTL,,,,,,,,,,,,,,,,,,,,,,,,,,,,,,,,,,,,,,,,,,,,,,,,,,,,,,,,,,,,,,
Chile,CHL,Wholesale price index (2010 = 100),FP.WPI.TOTL,,,,,,,,,,,,,,,,,,,,,,,,,,,,,,,,,,,,,,,,,,,,,,,,,,,,,,,,,,,,,,
China,CHN,Wholesale price index (2010 = 100),FP.WPI.TOTL,,,,,,,,,,,,,,,,,,35.09036118,36.491174,44.54584773,47.7326969,50.53432254,51.64677804,53.93794749,56.08591885,60.90692124,64.82100239,72.55369928,89.2601432,102.673031,100,97.99522673,,,,,,,,,,,,,,,,,,,,,,,,,,,,,,
Cote d'Ivoire,CIV,Wholesale price index (2010 = 100),FP.WPI.TOTL,,,,,,,,,,,,,,,,,,,,,,,,,,,,,,,,,,,,,,,,,,,,,,,,,,,,,,,,,,,,,,
Cameroon,CMR,Wholesale price index (2010 = 100),FP.WPI.TOTL,,,,,,,,,,,,,,,,,,,,,,,,,,,,,,,,,,,,,,,,,,,,,,,,,,,,,,,,,,,,,,
"Congo, Dem. Rep.",COD,Wholesale price index (2010 = 100),FP.WPI.TOTL,,,,,,,,,,,,,,,,,,,,,,,,,,,,,,,,,,,,,,,,,,,,,,,,,,,,,,,,,,,,,,
"Congo, Rep.",COG,Wholesale price index (2010 = 100),FP.WPI.TOTL,,,,,,,,,,,,,,,,,,37.0077415,40.64288118,44.27802087,50.48805116,57.40491417,66.18983507,70.83473578,81.08381016,86.43554359,89.72988893,93.43655335,95.97778526,98.11932009,100,96.47425109,98.08145406,101.0686637,,,,,,,,,,,,,,,,,,,,,,,,,,,,
Colombia,COL,Wholesale price index (2010 = 100),FP.WPI.TOTL,,,,,,,,,,,,,,,,,,,,,,,,,,,,,,,,,,,,,,,,,,,,,,,,,,,,,,,,,,,,,,
Comoros,COM,Wholesale price index (2010 = 100),FP.WPI.TOTL,,,,,,,,,,,,,,,,,,,,,,,,,,,,,,,,,,,,,,,,,,,,,,,,,,,,,,,,,,,,,,
Cabo Verde,CPV,Wholesale price index (2010 = 100),FP.WPI.TOTL,,,,,,,,,,,,,,,,,,,,,,,,,,,,,,,,,,,,,,,,,,,,,,,,,,,,,,,,,,,,,,
Costa Rica,CRI,Wholesale price index (2010 = 100),FP.WPI.TOTL,,,,,,,,,,,,,,,,,,,,,,17.11128708,35.63394007,44.9690462,48.41097418,53.44427114,58.25556832,64.43887826,75.94765972,87.01875012,100,128.0936376,151.3696095,161.0612972,,,,,,,,,,,,,,,,,,,,,,,,,,,,
Caribbean small states,CSS,Wholesale price index (2010 = 100),FP.WPI.TOTL,,,,,,,,,,,,,,,,,,,,,,,,,,,,,,,,,,,,,,,,,,,,,,,,,,,,,,,,,,,,,,
Cuba,CUB,Wholesale price index (2010 = 100),FP.WPI.TOTL,,,,,,,,,,,,,,,,,,,,,,,,,,,,,,,,,,,,,,,,,,,,,,,,,,,,,,,,,,,,,,
Curacao,CUW,Wholesale price index (2010 = 100),FP.WPI.TOTL,,,,,,,,,,,,,,,,,,,,,,,,,,,,,,,,,,,,,,,,,,,,,,,,,,,,,,,,,,,,,,
Cayman Islands,CYM,Wholesale price index (2010 = 100),FP.WPI.TOTL,,,,,,,,,,,,,,,,,,,,,,,,,,,,,,,,,,,,,,,,,,,,,,,,,,,,,,,,,,,,,,
Cyprus,CYP,Wholesale price index (2010 = 100),FP.WPI.TOTL,,,,,,,,,14.8080431,15.25740799,15.79916566,16.2275322,16.79868758,18.76413402,23.87933439,26.42013588,27.30626665,29.3767049,30.51481598,33.20680566,38.68737749,42.98095326,45.19553445,46.73218262,49.17274148,50.73575371,48.44961293,48.35545556,50.03108,51.52290927,53.33110727,55.76074388,57.42272334,58.84918164,60.80445159,63.00857407,64.35504406,66.15033738,66.49695341,67.29683657,72.1316859,73.2781851,74.95273777,76.82535582,81.81900395,85.27614496,87.85099478,91.10342881,98.20798645,99.33681388,100,102.9137858,105.0021166,,,,,,,,,
Czechia,CZE,Wholesale price index (2010 = 100),FP.WPI.TOTL,,,,,,,,,,,,,,,,,,,,,,,,,,,,,,,,,,,,,,,,,,,,,,,,,,,,,,,,,,,,,,
Germany,DEU,Wholesale price index (2010 = 100),FP.WPI.TOTL,43.25082508,43.86963696,44.31518152,44.54620462,45.01650165,46.10561056,46.93069307,46.48514851,46.15511551,47.01320132,49.31518152,51.40264026,52.7640264,56.27062706,63.80363036,66.76567657,69.22442244,71.13861386,71.95544554,75.40429043,81.10561056,87.45874587,92.59075908,93.94389439,96.65841584,99.01815182,96.51815182,94.11716172,95.2970297,98.30858086,100,102.3762376,103.7706271,103.7227723,,,,,,,,,,,,,,,,,,,,,,,,,,,,
Djibouti,DJI,Wholesale price index (2010 = 100),FP.WPI.TOTL,,,,,,,,,,,,,,,,,,,,,,,,,,,,,,,,,,,,,,,,,,,,,,,,,,,,,,,,,,,,,,
Dominica,DMA,Wholesale price index (2010 = 100),FP.WPI.TOTL,,,,,,,,,,,,,,,,,,,,,,,,,,,,,,,,,,,,,,,,,,,,,,,,,,,,,,,,,,,,,,
Denmark,DNK,Wholesale price index (2010 = 100),FP.WPI.TOTL,,,,,,,,,,,,,,,,,,,,,,,,,,,,,,,,,,,,,,,,,,,,,,,,,,,,,,,,,,,,,,
Dominican Republic,DOM,Wholesale price index (2010 = 100),FP.WPI.TOTL,82.88948759,77.54520491,85.16916222,91.06782032,92.64286825,99.70467851,96.94834465,94.93808611,104.1966737,99.69949744,100,100.033677,102.9558054,,,,,,,,,,,,,,,,,,,,,,,,,,,,,,,,,,,,,,,,,,,,,,,,,
Algeria,DZA,Wholesale price index (2010 = 100),FP.WPI.TOTL,,,,,,,,,,,,,,,,,,,,,,,,,,,,,,,,,,,,,,,,,,,,,,,,,,,,,,,,,,,,,,
East Asia & Pacific (excluding high income),EAP,Wholesale price index (2010 = 100),FP.WPI.TOTL,,,,,,,,,,,,,,,,,,,,,,,,,,,,,,,,,,,,,,,,,,,,,,,,,,,,,,,,,,,,,,
Early-demographic dividend,EAR,Wholesale price index (2010 = 100),FP.WPI.TOTL,,,,,,,,,,,,,,,,,,,,,,,,,,,,,,,,,,,,,,,,,,,,,,,,,,,,,,,,,,,,,,
East Asia & Pacific,EAS,Wholesale price index (2010 = 100),FP.WPI.TOTL,,,,,,,,,,,,,,,,,,,,,,,,,,,,,,,,,,,,,,,,,,,,,,,,,,,,,,,,,,,,,,
Europe & Central Asia (excluding high income),ECA,Wholesale price index (2010 = 100),FP.WPI.TOTL,,,,,,,,,,,,,,,,,,,,,,,,,,,,,,,,,,,,,,,,,,,,,,,,,,,,,,,,,,,,,,
Europe & Central Asia,ECS,Wholesale price index (2010 = 100),FP.WPI.TOTL,,,,,,,,,,,,,,,,,,,,,,,,,,,,,,,,,,,,,,,,,,,,,,,,,,,,,,,,,,,,,,
Ecuador,ECU,Wholesale price index (2010 = 100),FP.WPI.TOTL,,,,,,,,,,,,,,,2.968566695,3.382681749,3.947946324,4.271520094,4.986449906,5.520544531,5.926001265,6.492997504,7.590130279,8.717443481,10.72716313,13.52899533,17.38615299,22.88171209,38.15558357,68.73242169,100,148.0026724,228.8774664,318.3471805,376.3962974,,,,,,,,,,,,,,,,,,,,,,,,,,,
"Egypt, Arab Rep.",EGY,Wholesale price index (2010 = 100),FP.WPI.TOTL,,,,,,,,,,,2.282341825,2.286664442,2.315802083,2.473977849,2.828592548,3.042001755,3.279265404,3.584410151,4.113530503,4.51409302,5.494206422,5.934633075,6.487767965,7.524715777,8.278131927,9.37127376,10.9904941,12.49156291,15.77066822,20.07343329,23.44315346,27.64473728,30.99428523,33.64501009,35.19769411,37.42103002,40.53408461,42.22512661,42.81603049,43.20227986,43.97573941,44.42924613,47.2675064,54.06242062,63.2872469,66.62684841,71.31098173,77.68520377,94.10258984,88.79241116,100,114.7560731,117.5767918,121.5217828,126.7767517,122.8066653,111.4836378,,,,,
Euro area,EMU,Wholesale price index (2010 = 100),FP.WPI.TOTL,,,,,,,,,,,,,,,,,,,,,,,,,,,,,,,,,,,,,,,,,,,,,,,,,,,,,,,,,,,,,,
Eritrea,ERI,Wholesale price index (2010 = 100),FP.WPI.TOTL,,,,,,,,,,,,,,,,,,,,,,,,,,,,,,,,,,,,,,,,,,,,,,,,,,,,,,,,,,,,,,
Spain,ESP,Wholesale price index (2010 = 100),FP.WPI.TOTL,43.22844743,44.34799763,46.52544881,48.5228842,49.918623,54.97386072,56.39672519,56.70497139,57.98480963,59.45945946,60.43105149,63.86861314,68.27530085,75.26879069,88.79710002,100,115.3210692,135.0586901,153.8913001,170.6105741,,,,,,,,,,,,,,,,,,,,,,,,,,,,,,,,,,,,,,,,,,
Estonia,EST,Wholesale price index (2010 = 100),FP.WPI.TOTL,,,,,,,,,,,,,,,,,,,,,,,,,,,,,,,,,,,,,,,,,,,,,,,,,,,,,,,,,,,,,,
Ethiopia,ETH,Wholesale price index (2010 = 100),FP.WPI.TOTL,,,,,,,,,,,,,,,,,,,,,,,,,,,,,,,,,,,,,,,,,,,,,,,,,,,,,,,,,,,,,,
European Union,EUU,Wholesale price index (2010 = 100),FP.WPI.TOTL,,,,,,,,,,,,,,,,,,,,,,,,,,,,,,,,,,,,,,,,,,,,,,,,,,,,,,,,,,,,,,
Fragile and conflict affected situations,FCS,Wholesale price index (2010 = 100),FP.WPI.TOTL,,,,,,,,,,,,,,,,,,,,,,,,,,,,,,,,,,,,,,,,,,,,,,,,,,,,,,,,,,,,,,
Finland,FIN,Wholesale price index (2010 = 100),FP.WPI.TOTL,,,,,,,,,,,,,,,,,,,,,,,,,,,,,,,,,,,,,,,,,,,,,,,,,,,,,,,,,,,,,,
Fiji,FJI,Wholesale price index (2010 = 100),FP.WPI.TOTL,,,,,,,,,,,,,,,,,,,,,,,,,,,,,,,,,,,,,,,,,,,,,,,,,,,,,,,,,,,,,,
France,FRA,Wholesale price index (2010 = 100),FP.WPI.TOTL,,,,,,,,,,,,,,,,,,,,,,,,,,,,,,,,,,,,,,,,,,,,,,,,,,,,,,,,,,,,,,
Faroe Islands,FRO,Wholesale price index (2010 = 100),FP.WPI.TOTL,,,,,,,,,,,,,,,,,,,,,,,,,,,,,,,,,,,,,,,,,,,,,,,,,,,,,,,,,,,,,,
"Micronesia, Fed. Sts.",FSM,Wholesale price index (2010 = 100),FP.WPI.TOTL,,,,,,,,,,,,,,,,,,,,,,,,,,,,,,,,,,,,,,,,,,,,,,,,,,,,,,,,,,,,,,
Gabon,GAB,Wholesale price index (2010 = 100),FP.WPI.TOTL,77.1557719,81.74547983,86.1961057,90.3511822,96.00139082,100,105.4937413,,,,,,,,,,,,,,,,,,,,,,,,,,,,,,,,,,,,,,,,,,,,,,,,,,,,,,,
United Kingdom,GBR,Wholesale price index (2010 = 100),FP.WPI.TOTL,,,,,,,,,,,,,,,,,,,,,,,,,,,,,,,,,,,,,,,,,,,,,,,,,,,,,,,,,,,,,,
Georgia,GEO,Wholesale price index (2010 = 100),FP.WPI.TOTL,,,,,,,,,,,,,,,,,,,,,,,,,,,,,,,,,,,,,,,,,,,,,,,,,,,,,,,,,,,,,,
Ghana,GHA,Wholesale price index (2010 = 100),FP.WPI.TOTL,,,,0.047790005,0.051152362,0.059360137,0.059786564,0.062141347,0.073779405,0.079428619,0.086289186,0.082511723,0.097949887,0.123486445,0.157370403,0.195888453,0.263814866,0.445925578,0.656736895,1.090771124,1.562411744,2.335312252,3.181195913,7.270259142,13.39779683,20.62335193,33.72966208,47.67851144,64.23714025,81.49609518,100,,,,,,,,,,,,,,,,,,,,,,,,,,,,,,,
Gibraltar,GIB,Wholesale price index (2010 = 100),FP.WPI.TOTL,,,,,,,,,,,,,,,,,,,,,,,,,,,,,,,,,,,,,,,,,,,,,,,,,,,,,,,,,,,,,,
Guinea,GIN,Wholesale price index (2010 = 100),FP.WPI.TOTL,,,,,,,,,,,,,,,,,,,,,,,,,,,,,,,,,,,,,,,,,,,,,,,,,,,,,,,,,,,,,,
"Gambia, The",GMB,Wholesale price index (2010 = 100),FP.WPI.TOTL,,,,,,,,,,,,,,,,,,,,,,,,,,,,,,,,,,,,,,,,,,,,,,,,,,,,,,,,,,,,,,
Guinea-Bissau,GNB,Wholesale price index (2010 = 100),FP.WPI.TOTL,,,,,,,,,,,,,,,,,,,,,,,,,,,,,,,,,,,,,,,,,,,,,,,,,,,,,,,,,,,,,,
Equatorial Guinea,GNQ,Wholesale price index (2010 = 100),FP.WPI.TOTL,,,,,,,,,,,,,,,,,,,,,,,,,,,,,,,,,,,,,,,,,,,,,,,,,,,,,,,,,,,,,,
Greece,GRC,Wholesale price index (2010 = 100),FP.WPI.TOTL,,,,,,,,,,,,,,,,,,,,,,,,,,,,,,,,,,,,,,,,,,,,,,,,,,,,,,,,,,,,,,
Grenada,GRD,Wholesale price index (2010 = 100),FP.WPI.TOTL,,,,,,,,,,,,,,,,,,,,,,,,,,,,,,,,,,,,,,,,,,,,,,,,,,,,,,,,,,,,,,
Greenland,GRL,Wholesale price index (2010 = 100),FP.WPI.TOTL,,,,,,,,,,,,,,,,,,,,,,,,,,,,,,,,,,,,,,,,,,,,,,,,,,,,,,,,,,,,,,
Guatemala,GTM,Wholesale price index (2010 = 100),FP.WPI.TOTL,,,,,,,,,,,,,,,,,,,,,,,,,,,,,,,,,,,,,,,,,,,,,,,,,,,,,,,,,,,,,,
Guam,GUM,Wholesale price index (2010 = 100),FP.WPI.TOTL,,,,,,,,,,,,,,,,,,,,,,,,,,,,,,,,,,,,,,,,,,,,,,,,,,,,,,,,,,,,,,
Guyana,GUY,Wholesale price index (2010 = 100),FP.WPI.TOTL,,,,,,,,,,,,,,,,,,,,,,,,,,,,,,,,,,,,,,,,,,,,,,,,,,,,,,,,,,,,,,
High income,HIC,Wholesale price index (2010 = 100),FP.WPI.TOTL,,,,,,,,,,,,,,,,,,,,,,,,,,,,,,,,,,,,,,,,,,,,,,,,,,,,,,,,,,,,,,
"Hong Kong SAR, China",HKG,Wholesale price index (2010 = 100),FP.WPI.TOTL,,,,,,,,,,,,,,,,,,,,,,,,,,,,,,,,,,,,,,,,,,,,,,,,,,,,,,,,,,,,,,
Honduras,HND,Wholesale price index (2010 = 100),FP.WPI.TOTL,,,,,,,,,,,,,,,,,,,,,,,,,,,,,,,,,,,,,,,,,,,,,,,,,,,,,,,,,,,,,,
Heavily indebted poor countries (HIPC),HPC,Wholesale price index (2010 = 100),FP.WPI.TOTL,,,,,,,,,,,,,,,,,,,,,,,,,,,,,,,,,,,,,,,,,,,,,,,,,,,,,,,,,,,,,,
Croatia,HRV,Wholesale price index (2010 = 100),FP.WPI.TOTL,,,,,,,,,,,,,,,,,,,,,,,,,,,,,,,0.460191008,0.341588812,3.241602437,52.03033947,98.68421053,100,,,,,,,,,,,,,,,,,,,,,,,,,,
Haiti,HTI,Wholesale price index (2010 = 100),FP.WPI.TOTL,,,,,,,,,,,,,,,,,,,,,,,,,,,,,,,,,,,,,,,,,,,,,,,,,,,,,,,,,,,,,,
Hungary,HUN,Wholesale price index (2010 = 100),FP.WPI.TOTL,,,,,,,,,,,,,,,,,,,,,,,,,,,,,,,,,,,,,,,,,,,,,,,,,,,,,,,,,,,,,,
IBRD only,IBD,Wholesale price index (2010 = 100),FP.WPI.TOTL,,,,,,,,,,,,,,,,,,,,,,,,,,,,,,,,,,,,,,,,,,,,,,,,,,,,,,,,,,,,,,
IDA & IBRD total,IBT,Wholesale price index (2010 = 100),FP.WPI.TOTL,,,,,,,,,,,,,,,,,,,,,,,,,,,,,,,,,,,,,,,,,,,,,,,,,,,,,,,,,,,,,,
IDA total,IDA,Wholesale price index (2010 = 100),FP.WPI.TOTL,,,,,,,,,,,,,,,,,,,,,,,,,,,,,,,,,,,,,,,,,,,,,,,,,,,,,,,,,,,,,,
IDA blend,IDB,Wholesale price index (2010 = 100),FP.WPI.TOTL,,,,,,,,,,,,,,,,,,,,,,,,,,,,,,,,,,,,,,,,,,,,,,,,,,,,,,,,,,,,,,
Indonesia,IDN,Wholesale price index (2010 = 100),FP.WPI.TOTL,,,,,,,,,,,,,,,,,,,3.110668834,4.653206931,5.899878622,6.552878661,7.038169367,8.300351747,9.21339044,9.669909786,9.884335539,11.70349596,12.54736506,13.42581895,14.77462611,15.53549169,16.33785902,17.00188716,17.85959018,19.89317635,21.45640927,23.37932409,47.18058272,52.11237505,58.6212287,66.06661326,69.04799125,71.26680475,76.56225574,88.75058621,100.6502071,114.4134946,143.9522432,95.38113569,100,107.4610169,112.9562686,111.1434071,77.63795529,81.04824527,87.44040175,91.50334141,96.49200797,,,
IDA only,IDX,Wholesale price index (2010 = 100),FP.WPI.TOTL,,,,,,,,,,,,,,,,,,,,,,,,,,,,,,,,,,,,,,,,,,,,,,,,,,,,,,,,,,,,,,
Isle of Man,IMN,Wholesale price index (2010 = 100),FP.WPI.TOTL,,,,,,,,,,,,,,,,,,,,,,,,,,,,,,,,,,,,,,,,,,,,,,,,,,,,,,,,,,,,,,
India,IND,Wholesale price index (2010 = 100),FP.WPI.TOTL,3.068380529,3.141976372,3.255200745,3.374086338,3.725081896,4.030787705,4.511991294,5.191337536,5.168692662,5.276255817,5.600832355,5.881534448,6.39906419,7.449692024,9.578310251,9.953365989,9.757582176,10.49542768,10.47231104,11.69230366,14.0374635,15.75564338,16.13871917,17.41107807,18.62105372,19.48532203,20.56958592,21.99955713,23.9166614,25.53781924,27.84515374,31.60210192,35.35119312,37.99415182,41.99951166,45.92276602,47.97791717,50.15077821,53.0998883,54.93234505,58.53045024,61.54985289,63.07232125,66.43005021,70.81871686,73.79581942,78.09637121,81.99286139,89.17311124,91.27305175,100,109.4705532,117.4720328,123.8321779,127.9846898,123.0053915,122.9403633,127.1671931,132.5923988,135.0913377,135.8159371,150.4379812
Not classified,INX,Wholesale price index (2010 = 100),FP.WPI.TOTL,,,,,,,,,,,,,,,,,,,,,,,,,,,,,,,,,,,,,,,,,,,,,,,,,,,,,,,,,,,,,,
Ireland,IRL,Wholesale price index (2010 = 100),FP.WPI.TOTL,,,,,,,,,,,,,,,,,,,,,,,,,,,,,,,,,,,,,,,,,,,,,,,,,,,,,,,,,,,,,,
"Iran, Islamic Rep.",IRN,Wholesale price index (2010 = 100),FP.WPI.TOTL,0.291800797,0.295555111,0.299223119,0.299784108,0.315966495,0.325114937,0.321403777,0.32230999,0.324122418,0.333184554,0.342850833,0.364082125,0.384925039,0.428250682,0.500877234,0.540750634,0.589340948,0.690491653,0.760054339,0.86754854,1.138894801,1.406573053,1.585140297,1.818770808,1.957421497,2.061204537,2.452122639,3.24411256,3.963334176,4.771400815,5.752926785,7.236798469,9.627876144,12.09167269,16.64092426,26.72138635,35.52138617,39.31903996,44.00406731,52.44708361,62.35992721,66.05369856,71.45548,79.01541998,88.95380391,100,109.1625962,126.2043866,,,,,,,,,,,,,,
Iraq,IRQ,Wholesale price index (2010 = 100),FP.WPI.TOTL,63.42663796,62.99600123,61.51953245,66.43084179,67.74838511,65.64646775,65.33887009,70.12201374,66.81533887,68.56351892,75.21275505,80.02665846,76.94042859,80.49830821,90.57213165,100,111.2068082,118.6250384,,,,,,,,,,,,,,,,,,,,,,,,,,,,,,,,,,,,,,,,,,,,
Iceland,ISL,Wholesale price index (2010 = 100),FP.WPI.TOTL,,,,,,,,,,,,,,,,,,,,,,,,,,,,,,,,,,,,,,,,,,,,,,,,,,,,,,,,,,,,,,
Israel,ISR,Wholesale price index (2010 = 100),FP.WPI.TOTL,,,,0.097360362,0.098333966,0.10213102,0.106974698,0.108192836,0.110739853,0.11301002,0.121094029,0.132878595,0.14686873,0.174885912,0.264880499,0.372907226,0.487751842,0.675556568,1.034727477,1.852657591,4.355256897,9.701330095,21.89878541,53.53245356,265.8053317,9.730322731,14.11941375,16.73484833,19.66328292,23.80274893,26.55583796,30.81657099,33.95096328,36.73004519,39.62668333,43.8656418,47.63998903,50.63503097,52.75170339,56.4765185,58.53045024,61.54985289,63.07232125,66.43005021,70.81871686,73.79581942,78.09637121,81.99286139,89.17311124,91.27305175,100,109.4705532,117.4720328,123.8321779,127.9846898,123.0053915,122.9403633,127.1671931,132.5923988,135.0913377,,
Italy,ITA,Wholesale price index (2010 = 100),FP.WPI.TOTL,6.811433057,6.848251614,7.0323444,7.40052997,7.65825987,7.768715541,7.915989769,7.787124819,7.811670524,8.11542362,8.713725172,9.060433251,9.431687035,11.03943069,15.53743108,16.86903556,20.72884763,24.32786158,26.3712915,30.45201491,36.56082717,42.93964218,48.87970272,53.64770586,59.20423976,63.55496592,62.97814186,64.64724978,67.70319002,72.03857511,77.3754481,81.379755,83.08833011,87.36943907,90.70921986,100,103.655706,,,,,,,,,,,,,,,,,,,,,,,,,
Jamaica,JAM,Wholesale price index (2010 = 100),FP.WPI.TOTL,,,,,,,,,,,,,,,,,,,,,,,,,,,,,,,,,,,,,,,,,,,,,,,,,,,,,,,,,,,,,,
Jordan,JOR,Wholesale price index (2010 = 100),FP.WPI.TOTL,,,,,,,,,,,,,,,,16.7387549,19.10874277,20.39105505,21.50162907,22.89843352,26.31602472,28.69746181,29.60767454,30.78694386,31.30788323,31.77157651,7.957205647,31.88034406,34.99453102,46.7986735,53.54226217,56.29007419,58.63143902,60.62490795,63.5564799,62.02229058,63.29263842,64.28937289,64.69979296,63.14699793,60.88897516,59.95244565,58.99003623,59.71305642,64.74508282,69.23686594,73.73835404,80.01746894,95.5615942,96.44798137,100,,,,,,,,,,,
Japan,JPN,Wholesale price index (2010 = 100),FP.WPI.TOTL,45.42576699,45.88604366,45.12481686,45.93915251,46.01881578,46.39942918,47.49701202,48.37330799,48.75392139,49.79839538,51.5952447,51.22348277,51.61294765,59.80056153,78.56568741,80.9290311,85.07152115,86.67363803,84.46962089,90.62139564,106.7222277,108.2269784,110.1565998,107.7135928,107.4303457,106.2176937,96.51647764,92.89622458,91.97567124,94.33901492,96.27748783,96.44566585,95.01172698,91.42653013,92.26800032,95.25283798,97.41208224,100.9446694,93.76835755,94.47487497,100,92.25212352,,,,,,,,,,,,,,,,,,,,
Kazakhstan,KAZ,Wholesale price index (2010 = 100),FP.WPI.TOTL,,,,,,,,,,,,,,,,,,,,,,,,,,,,,,,,,,,,,,,,,,,,,,,73.49078273,80.36397903,94.21638495,94.23994346,100,111.3610931,113.1279816,120.5194652,129.8074092,127.0451734,150.7509276,160.4040285,,,,
Kenya,KEN,Wholesale price index (2010 = 100),FP.WPI.TOTL,,,,,,,,,,,,,,,,,,,,,,,,,,,,,88.37911693,93.26190134,90.70904645,91.83086438,92.62188983,97.02286783,97.93614267,100,,,,,,,,,,,,,,,,,,,,,,,,,,
Kyrgyz Republic,KGZ,Wholesale price index (2010 = 100),FP.WPI.TOTL,,,,,,,,,,,,,,,,,,,,,,,,,,,,,,,,,,,,,,,,,,,,,,,,,,,,,,,,,,,,,,
Cambodia,KHM,Wholesale price index (2010 = 100),FP.WPI.TOTL,,,,,,,,,,,,,,,,,,,,,,,,,,,,,,,,,,,,,,,,,,,,,,,,,,,,,,,,,,,,,,
Kiribati,KIR,Wholesale price index (2010 = 100),FP.WPI.TOTL,,,,,,,,,,,,,,,,,,,,,,,,,,,,,,,,,,,,,,,,,,,,,,,,,,,,,,,,,,,,,,
St. Kitts and Nevis,KNA,Wholesale price index (2010 = 100),FP.WPI.TOTL,,,,,,,,,,,,,,,,,,,,,,,,,,,,,,,,,,,,,,,,,,,,,,,,,,,,,,,,,,,,,,
"Korea, Rep.",KOR,Wholesale price index (2010 = 100),FP.WPI.TOTL,3.535075299,4.008004619,4.38292243,5.283105803,7.114874296,7.825695628,8.516534031,9.063685659,9.800199328,10.46058755,11.41786501,12.40368951,14.11360732,15.09070321,21.4418265,27.13929074,30.42568039,36.19446383,47.8250756,53.96603861,67.36450337,84.76389858,85.32216795,91.55617585,92.20749011,93.04489416,91.64922075,91.30805614,94.61114988,95.99906955,100,105.3810964,107.6064201,,,,,,,,,,,,,,,,,,,,,,,,,,,,,
Kuwait,KWT,Wholesale price index (2010 = 100),FP.WPI.TOTL,,,,,,,,,,,,,23.53069893,28.71529626,31.7076168,34.10970899,36.70396854,39.26489294,38.81192699,41.32578999,45.6534777,48.79090423,49.3085796,50.23023529,49.9076558,49.27017728,49.54667399,51.19413354,53.5366751,58.25632029,60.46061349,71.70481295,72.01587175,73.31771042,73.5788462,74.09727752,78.02199469,77.00433319,75.74089684,74.81924115,75.15334134,76.63567091,79.14718268,80.68711573,80.9943343,84.60799266,86.39370057,89.75774385,95.5919972,95.68175494,100,103.8497096,106.0412945,109.6690034,112.3318164,115.6827722,117.1562952,120.7914838,,,,
Latin America & Caribbean (excluding high income),LAC,Wholesale price index (2010 = 100),FP.WPI.TOTL,,,,,,,,,,,,,,,,,,,,,,,,,,,,,,,,,,,,,,,,,,,,,,,,,,,,,,,,,,,,,,
Lao PDR,LAO,Wholesale price index (2010 = 100),FP.WPI.TOTL,,,,,,,,,,,,,,,,,,,,,,,,,,,,,,,,,,,,,,,,,,,,,,,,,,,,,,,,,,,,,,
Lebanon,LBN,Wholesale price index (2010 = 100),FP.WPI.TOTL,83.40080972,84.21052632,81.78137652,84.21052632,86.16734143,86.77462888,88.79892038,93.04993252,92.03778677,97.03103914,100,102.6990553,,,,,,,,,,,,,,,,,,,,,,,,,,,,,,,,,,,,,,,,,,,,,,,,,,
Liberia,LBR,Wholesale price index (2010 = 100),FP.WPI.TOTL,,,,,,,,,,,,,,,,,,,,,,,,,,,,,,,,,,,,,,,,,,,,,,,,,,,,,,,,,,,,,,
Libya,LBY,Wholesale price index (2010 = 100),FP.WPI.TOTL,,,,,,,,,,,,,,,,,,,,,,,,,,,,,,,,,,,,,,,,,,,,,,,,,,,,,,,,,,,,,,
St. Lucia,LCA,Wholesale price index (2010 = 100),FP.WPI.TOTL,,,,,,,,,,,,,,,,,,,,,,,,,,,,,,,,,,,,,,,,,,,,,,,,,,,,,,,,,,,,,,
Latin America & Caribbean,LCN,Wholesale price index (2010 = 100),FP.WPI.TOTL,,,,,,,,,,,,,,,,,,,,,,,,,,,,,,,,,,,,,,,,,,,,,,,,,,,,,,,,,,,,,,
Least developed countries: UN classification,LDC,Wholesale price index (2010 = 100),FP.WPI.TOTL,,,,,,,,,,,,,,,,,,,,,,,,,,,,,,,,,,,,,,,,,,,,,,,,,,,,,,,,,,,,,,
Low income,LIC,Wholesale price index (2010 = 100),FP.WPI.TOTL,,,,,,,,,,,,,,,,,,,,,,,,,,,,,,,,,,,,,,,,,,,,,,,,,,,,,,,,,,,,,,
Liechtenstein,LIE,Wholesale price index (2010 = 100),FP.WPI.TOTL,,,,,,,,,,,,,,,,,,,,,,,,,,,,,,,,,,,,,,,,,,,,,,,,,,,,,,,,,,,,,,
Sri Lanka,LKA,Wholesale price index (2010 = 100),FP.WPI.TOTL,,,,,,,,,,,,,,,2.568680084,2.656015207,2.873090079,3.475959295,4.024179842,4.407234259,5.895762962,6.896691968,7.276856621,9.09548212,11.42185005,9.686278539,9.400084766,10.65830989,12.55206929,13.68935239,16.72489008,18.25924832,19.8561111,21.36563877,22.43442374,24.41080901,29.41224319,31.44877838,33.40632666,33.27211312,33.83486812,37.79020734,41.84358451,43.12407153,48.50866715,54.09361983,60.40351824,75.11882286,93.85068691,89.93505521,100,110.6201388,114.4942592,125.0414637,129.0014476,130.302299,135.7286738,145.7637502,150.7039412,,,
Lower middle income,LMC,Wholesale price index (2010 = 100),FP.WPI.TOTL,,,,,,,,,,,,,,,,,,,,,,,,,,,,,,,,,,,,,,,,,,,,,,,,,,,,,,,,,,,,,,
Low & middle income,LMY,Wholesale price index (2010 = 100),FP.WPI.TOTL,,,,,,,,,,,,,,,,,,,,,,,,,,,,,,,,,,,,,,,,,,,,,,,,,,,,,,,,,,,,,,
Lesotho,LSO,Wholesale price index (2010 = 100),FP.WPI.TOTL,,,,,,,,,,,,,,,,,,,,,,,,,,,,,,,,,,,,,,,,,,,,,,,,,,,,,,,,,,,,,,
Late-demographic dividend,LTE,Wholesale price index (2010 = 100),FP.WPI.TOTL,,,,,,,,,,,,,,,,,,,,,,,,,,,,,,,,,,,,,,,,,,,,,,,,,,,,,,,,,,,,,,
Lithuania,LTU,Wholesale price index (2010 = 100),FP.WPI.TOTL,,,,,,,,,,,,,,,,,,,,,,,,,,,,,,,,,,,,,,,,,,,,,,,,,,,,,,,,,,,,,,
Luxembourg,LUX,Wholesale price index (2010 = 100),FP.WPI.TOTL,,,,,,,,,,,,,,,,,,,,,,,,,,,,,,,,,,,,,,,,,,,,,,,,,,,,,,,,,,,,,,
Latvia,LVA,Wholesale price index (2010 = 100),FP.WPI.TOTL,,,,,,,,,,,,,,,,,,,,,,,,,,,,,,,,,,,,,,,,,,,,,,,,,,,,,,,,,,,,,,
"Macao SAR, China",MAC,Wholesale price index (2010 = 100),FP.WPI.TOTL,,,,,,,,,,,,,,,,,,,,,,,,,,,,,,,,,,,,,,,,,,,,,,,,,,,,,,,,,,,,,,
St. Martin (French part),MAF,Wholesale price index (2010 = 100),FP.WPI.TOTL,,,,,,,,,,,,,,,,,,,,,,,,,,,,,,,,,,,,,,,,,,,,,,,,,,,,,,,,,,,,,,
Morocco,MAR,Wholesale price index (2010 = 100),FP.WPI.TOTL,,,,,,,,,,,,,,,,,,,,31.41619859,34.08854924,40.07638887,44.9065795,48.20432673,54.79095032,60.03363658,64.69749833,65.36503157,68.16157445,70.7496518,73.97643204,78.73343797,80.95115635,84.56160187,86.53315351,92.15728733,96.24010687,94.9893137,97.64901449,96.01044882,100,99.59629542,101.7810496,97.17406792,,,,,,,,,,,,,,,,,,
Monaco,MCO,Wholesale price index (2010 = 100),FP.WPI.TOTL,,,,,,,,,,,,,,,,,,,,,,,,,,,,,,,,,,,,,,,,,,,,,,,,,,,,,,,,,,,,,,
Moldova,MDA,Wholesale price index (2010 = 100),FP.WPI.TOTL,,,,,,,,,,,,,,,,,,,,,,,,,,,,,,,,,,,,,,,,,,,,,,,,,,,,,,,,,,,,,,
Madagascar,MDG,Wholesale price index (2010 = 100),FP.WPI.TOTL,,,,,,,,,,,,,,,,,,,,,,,,,,,,,,,,,,,,,,,,,,,,,,,,,,,,,,,,,,,,,,
Maldives,MDV,Wholesale price index (2010 = 100),FP.WPI.TOTL,,,,,,,,,,,,,,,,,,,,,,,,,,,,,,,,,,,,,,,,,,,,,,,,,,,,,,,,,,,,,,
Middle East & North Africa,MEA,Wholesale price index (2010 = 100),FP.WPI.TOTL,,,,,,,,,,,,,,,,,,,,,,,,,,,,,,,,,,,,,,,,,,,,,,,,,,,,,,,,,,,,,,
Mexico,MEX,Wholesale price index (2010 = 100),FP.WPI.TOTL,,,,,,,,,,,,,,,,,,,0.096557049,0.114218943,0.142172209,0.176989071,0.276201439,0.572784462,0.975644611,1.498187222,2.822322316,6.650415042,13.82133695,16.04190769,19.78735563,23.84991301,27.0417672,29.44589289,31.44384572,43.74381371,59.64369725,70.68094928,80.50585997,92.30203504,100,,,,,,,,,,,,,,,,,,,,,
Marshall Islands,MHL,Wholesale price index (2010 = 100),FP.WPI.TOTL,,,,,,,,,,,,,,,,,,,,,,,,,,,,,,,,,,,,,,,,,,,,,,,,,,,,,,,,,,,,,,
Middle income,MIC,Wholesale price index (2010 = 100),FP.WPI.TOTL,,,,,,,,,,,,,,,,,,,,,,,,,,,,,,,,,,,,,,,,,,,,,,,,,,,,,,,,,,,,,,
North Macedonia,MKD,Wholesale price index (2010 = 100),FP.WPI.TOTL,,,,,,,,,,,,,,,,,,,,,,,,,,,,,,,,,,,,,,,,,,,,,,,,,,,,,,,,,,,,,,
Mali,MLI,Wholesale price index (2010 = 100),FP.WPI.TOTL,,,,,,,,,,,,,,,,,,,,,,,,,,,,,,,,,,,,,,,,,,,,,,,,,,,,,,,,,,,,,,
Malta,MLT,Wholesale price index (2010 = 100),FP.WPI.TOTL,,,,,,,,,,,,,,,,,,,,,,,,,,,,,,,,,,,,,,,,,,,,,,,,,,,,,,,,,,,,,,
Myanmar,MMR,Wholesale price index (2010 = 100),FP.WPI.TOTL,,,,,,,,,,,,,,,,,,,,,,,,,,,,,,,,,,,,,,,,,,,,,,,,,,,,,,,,,,,,,,
Middle East & North Africa (excluding high income),MNA,Wholesale price index (2010 = 100),FP.WPI.TOTL,,,,,,,,,,,,,,,,,,,,,,,,,,,,,,,,,,,,,,,,,,,,,,,,,,,,,,,,,,,,,,
Montenegro,MNE,Wholesale price index (2010 = 100),FP.WPI.TOTL,,,,,,,,,,,,,,,,,,,,,,,,,,,,,,,,,,,,,,,,,,,,,,,,,,,,,,,,,,,,,,
Mongolia,MNG,Wholesale price index (2010 = 100),FP.WPI.TOTL,,,,,,,,,,,,,,,,,,,,,,,,,,,,,,,,,,,,,,,,,,,,,,,,,,,,,,,,,,,,,,
Northern Mariana Islands,MNP,Wholesale price index (2010 = 100),FP.WPI.TOTL,,,,,,,,,,,,,,,,,,,,,,,,,,,,,,,,,,,,,,,,,,,,,,,,,,,,,,,,,,,,,,
Mozambique,MOZ,Wholesale price index (2010 = 100),FP.WPI.TOTL,,,,,,,,,,,,,,,,,,,,,,,,,,,,,,,,,,,,,,,,,,,,,,,,,,,,,,,,,,,,,,
Mauritania,MRT,Wholesale price index (2010 = 100),FP.WPI.TOTL,,,,,,,,,,,,,,,,,,,,,,,,,,,,,,,,,,,,,,,,,,,,,,,,,,,,,,,,,,,,,,
Mauritius,MUS,Wholesale price index (2010 = 100),FP.WPI.TOTL,,,,,,,,,,,,,,,,,,,,,,,,,,,,,,,,,,,,,,,,,,,,,,,,,,,,,,,,,,,,,,
Malawi,MWI,Wholesale price index (2010 = 100),FP.WPI.TOTL,,,,,,,,,,,,,,,,,,,,,,,,,,,,,,,,,,,,,,,,,,,,,,,,,,,,,,,,,,,,,,
Malaysia,MYS,Wholesale price index (2010 = 100),FP.WPI.TOTL,,,,,,,,,,,,,,,,,,,,,,,,,,,,,,,,,,,,,,,,,,,,,,,,,,,,,,,,,,,,,,
North America,NAC,Wholesale price index (2010 = 100),FP.WPI.TOTL,,,,,,,,,,,,,,,,,,,,,,,,,,,,,,,,,,,,,,,,,,,,,,,,,,,,,,,,,,,,,,
Namibia,NAM,Wholesale price index (2010 = 100),FP.WPI.TOTL,,,,,,,,,,,,,,,,,,,,,,,,,,,,,,,,,,,,,,,,,,,,,,,,,,,,,,,,,,,,,,
New Caledonia,NCL,Wholesale price index (2010 = 100),FP.WPI.TOTL,,,,,,,,,,,,,,,,,,,,,,,,,,,,,,,,,,,,,,,,,,,,,,,,,,,,,,,,,,,,,,
Niger,NER,Wholesale price index (2010 = 100),FP.WPI.TOTL,,,,,,,,,,,,,,,,,,,,,,,,,,,,,,,,,,,,,,,,,,,,,,,,,,,,,,,,,,,,,,
Nigeria,NGA,Wholesale price index (2010 = 100),FP.WPI.TOTL,,,,,,,,,,,,,,,,,,,,,,,,,,,,,,,,,,,,,,,,,,,,,,,,,,,,,,,,,,,,,,
Nicaragua,NIC,Wholesale price index (2010 = 100),FP.WPI.TOTL,,,,,,,,,,,,,,,,,,,,,,,,,,,,,,,,,,,,,,,,,,,,,,,,,,,,,,,,,,,,,,
Netherlands,NLD,Wholesale price index (2010 = 100),FP.WPI.TOTL,,,,,,,,,,,,,,,,,,,,,,,,,,,,,,,,,,,,,,,,,,,,,,,,,,,,,,,,,,,,,,
Norway,NOR,Wholesale price index (2010 = 100),FP.WPI.TOTL,,,,,,,,,,,,,,,,,,,,,,,,,,,,,,,,,,,,,,,,,,,,,,,,,,,,,,,,,,,,,,
Nepal,NPL,Wholesale price index (2010 = 100),FP.WPI.TOTL,,,,,,,,,,,,,,,,,,,,,,,,,,,,,,,,,,,,,,,,,,,,,,,,,,,,,,,,,,,,,,
Nauru,NRU,Wholesale price index (2010 = 100),FP.WPI.TOTL,,,,,,,,,,,,,,,,,,,,,,,,,,,,,,,,,,,,,,,,,,,,,,,,,,,,,,,,,,,,,,
New Zealand,NZL,Wholesale price index (2010 = 100),FP.WPI.TOTL,,,,,,,,,,,,,,,,,,,,,,,,,,,,,,,,,,,,,,,,,,,,,,,,,,,,,,,,,,,,,,
OECD members,OED,Wholesale price index (2010 = 100),FP.WPI.TOTL,,,,,,,,,,,,,,,,,,,,,,,,,,,,,,,,,,,,,,,,,,,,,,,,,,,,,,,,,,,,,,
Oman,OMN,Wholesale price index (2010 = 100),FP.WPI.TOTL,,,,,,,,,,,,,,,,,,,,,,,,,,,,,,,,,,,,,,,,,,,,,,,,,,,,,,,,,,,,,,
Other small states,OSS,Wholesale price index (2010 = 100),FP.WPI.TOTL,,,,,,,,,,,,,,,,,,,,,,,,,,,,,,,,,,,,,,,,,,,,,,,,,,,,,,,,,,,,,,
Pakistan,PAK,Wholesale price index (2010 = 100),FP.WPI.TOTL,1.56893514,1.6158463,1.641995219,1.657972209,1.683650447,1.797633585,1.970007259,2.080211878,2.076864817,2.174308763,2.193462846,2.313368714,2.552748993,3.24778726,3.973550507,4.878433848,5.2675858,5.756631101,6.106636371,6.700464156,7.597501335,8.424857361,8.780850535,9.427897644,10.31082658,10.61089484,11.13355582,12.05243182,13.22732265,14.3442065,15.57830035,17.44887647,18.71293728,20.6303559,24.69912207,27.85365158,30.94181632,34.40903129,36.39501766,37.78592409,39.29028398,41.08130663,42.30698956,45.08051888,48.88895731,53.15355496,57.66976827,62.41456916,78.21623603,83.89943127,100,118.8338307,127.2723689,137.1839631,143.7276874,140.1081142,142.4534039,147.3985022,159.601892,180.0123881,112.6808942,114.6545414
Panama,PAN,Wholesale price index (2010 = 100),FP.WPI.TOTL,,,,,,,20.88964837,21.1104904,21.49194481,21.81818872,22.49577222,23.70538425,25.72307734,28.42839221,37.01613569,42.21596166,45.50851556,48.78099291,51.41102072,58.62853979,67.61781423,74.39364924,80.54711125,77.45925299,78.28049189,77.9766335,65.51843939,66.47107652,61.94605018,63.45712976,65.96362525,66.26929543,67.49197616,67.32385756,68.69937338,70.74736359,72.24514749,70.62509552,67.85878038,69.67751796,75.77563809,73.34556014,71.14473483,72.33684854,75.51581843,79.77991747,84.60950634,89.11814153,103.1789699,96.27082378,100,111.8600031,117.1328137,117.3009323,115.3904937,108.8033012,107.9168577,,,,,
Peru,PER,Wholesale price index (2010 = 100),FP.WPI.TOTL,,,,,,,,,,,,,,,,,,,,,4.37E-06,7.35E-06,1.15E-05,2.45E-05,5.40E-05,0.00014788,0.000237055,0.000359077,0.002613559,0.068222295,4.664604874,18.95172983,29.79078753,43.95713723,51.82232186,57.27438978,62.6805502,67.30783824,72.2003868,75.74836301,79.03003488,80.12435736,79.28612535,80.63481087,84.83892663,86.77925454,89.55167834,91.78056954,99.95547112,98.20120596,100,106.3378617,108.2208015,108.6328642,110.6241981,112.5844958,114.4868776,115.6540162,117.5665992,118.9489619,,
Philippines,PHL,Wholesale price index (2010 = 100),FP.WPI.TOTL,0.862967787,0.90660099,0.955082326,1.047196865,1.090830068,1.11991887,1.197489008,1.22657781,1.245970344,1.541706496,1.541706496,1.784113178,1.963494122,2.428914951,3.58761889,3.781544236,4.305142668,4.626331522,4.848537647,5.768875015,6.824960125,7.821655599,8.654726562,10.03765668,16.79676299,19.84583504,19.90643671,21.52732939,24.27218105,26.73584096,29.0031054,33.96907531,35.2323035,35.19479875,38.22756925,40.32954003,43.92999607,44.13797696,49.28294681,51.95699235,54.96786083,59.23976154,62.21366165,65.28614408,70.76157066,78.76727689,85.38461538,88.07692308,98.50732601,94.44139194,100,108.6630037,109.9084249,111.7948718,115.7142857,117.6190476,118.6996337,120.9340659,123.2875458,125.3113553,128.3150183,132.2527473
Palau,PLW,Wholesale price index (2010 = 100),FP.WPI.TOTL,,,,,,,,,,,,,,,,,,,,,,,,,,,,,,,,,,,,,,,,,,,,,,,,,,,,,,,,,,,,,,
Papua New Guinea,PNG,Wholesale price index (2010 = 100),FP.WPI.TOTL,,,,,,,,,,,,,,,,,,,,,,,,,,,,,,,,,,,,,,,,,,,,,,,,,,,,,,,,,,,,,,
Poland,POL,Wholesale price index (2010 = 100),FP.WPI.TOTL,,,,,,,,,,,,,,,,,,,,,,,,,,,,,,,,,,,,,,,,,,,,,,,,,,,,,,,,,,,,,,
Pre-demographic dividend,PRE,Wholesale price index (2010 = 100),FP.WPI.TOTL,,,,,,,,,,,,,,,,,,,,,,,,,,,,,,,,,,,,,,,,,,,,,,,,,,,,,,,,,,,,,,
Puerto Rico,PRI,Wholesale price index (2010 = 100),FP.WPI.TOTL,,,,,,,,,,,,,,,,,,,,,,,,,,,,,,,,,,,,,,,,,,,,,,,,,,,,,,,,,,,,,,
"Korea, Dem. People's Rep.",PRK,Wholesale price index (2010 = 100),FP.WPI.TOTL,,,,,,,,,,,,,,,,,,,,,,,,,,,,,,,,,,,,,,,,,,,,,,,,,,,,,,,,,,,,,,
Portugal,PRT,Wholesale price index (2010 = 100),FP.WPI.TOTL,,,,,,,,,,,,,,,,,,,,,,,,,,,,,,,,,,,,,,,,,,,,,,,,,,,,,,,,,,,,,,
Paraguay,PRY,Wholesale price index (2010 = 100),FP.WPI.TOTL,,,,,,,,,,,,,1.444552652,1.933292966,2.560951093,2.995279924,3.029226912,3.272393275,3.690350509,4.661451029,5.005495319,5.637005587,5.831538677,7.114542191,9.124516827,11.26317703,16.34691895,18.2867124,23.2368332,28.32924244,43.93643005,57.88358591,,,,100,,,,,,,,,,,,,,,,,,,,,,,,,,
West Bank and Gaza,PSE,Wholesale price index (2010 = 100),FP.WPI.TOTL,,,,,,,,,,,,,,,,,,,,,,,,,,,,,,,,,,,,,,,,,,,,,,82.19391055,85.06579208,87.68950006,97.07986772,96.4301748,100,103.7602409,104.7238115,105.5415456,107.1081651,108.4066084,110.1637519,108.874534,110.020271,110.1426553,110.030386,111.3592142
Pacific island small states,PSS,Wholesale price index (2010 = 100),FP.WPI.TOTL,,,,,,,,,,,,,,,,,,,,,,,,,,,,,,,,,,,,,,,,,,,,,,,,,,,,,,,,,,,,,,
Post-demographic dividend,PST,Wholesale price index (2010 = 100),FP.WPI.TOTL,,,,,,,,,,,,,,,,,,,,,,,,,,,,,,,,,,,,,,,,,,,,,,,,,,,,,,,,,,,,,,
French Polynesia,PYF,Wholesale price index (2010 = 100),FP.WPI.TOTL,,,,,,,,,,,,,,,,,,,,,,,,,,,,,,,,,,,,,,,,,,,,,,,,,,,,,,,,,,,,,,
Qatar,QAT,Wholesale price index (2010 = 100),FP.WPI.TOTL,,,,,,,,,,,,,,,,,,,,,,,,,,,,,,,,,,,,,,,,,,,,,,,,,,,,,,,,,,,,,,
Romania,ROU,Wholesale price index (2010 = 100),FP.WPI.TOTL,,,,,,,,,,,,,,,,,,,,,,,,,,,,,,,,,,,,,,,,,,,,,,,,,,,,,,,,,,,,,,
Russian Federation,RUS,Wholesale price index (2010 = 100),FP.WPI.TOTL,,,,,,,,,,,,,,,,,,,,,,,,,,,,,,,,,,,,,,,,,,,,,,,,,,,,,,,,,,,,,,
Rwanda,RWA,Wholesale price index (2010 = 100),FP.WPI.TOTL,,,,,,,,,,,,,,,,,,,,,,,,,,,,,,,,,,,,,,,,,,,,,,,,,,,,,,,,,,,,,,
South Asia,SAS,Wholesale price index (2010 = 100),FP.WPI.TOTL,,,,,,,,,,,,,,,,,,,,,,,,,,,,,,,,,,,,,,,,,,,,,,,,,,,,,,,,,,,,,,
Saudi Arabia,SAU,Wholesale price index (2010 = 100),FP.WPI.TOTL,,,,,,,,,,,,,,,,,,,,,,,,,,,56.18169399,60.22882514,68.32308743,69.10860656,70.50887978,72.40437158,73.32650273,73.78756831,75.10245902,80.53278689,80.36202186,80.31079235,78.82513661,79.16666667,79.45696721,79.3715847,79.3545082,80.03756831,82.4795082,84.88729508,85.82650273,90.69330601,98.83879781,95.83333333,100,104.2520492,106.8476776,108.1454918,108.6919399,108.3558823,111.2078309,110.4903024,127.3385976,129.7999927,134.3049816,150.5810706
Sudan,SDN,Wholesale price index (2010 = 100),FP.WPI.TOTL,,,,,,,,,,,,,,,,,,,,,,,,,,,,,,,,,,,,,,,,,,,,,,,,,,,,,,,,,,,,,,
Senegal,SEN,Wholesale price index (2010 = 100),FP.WPI.TOTL,,,,,,,,,,,,,,,,,,,,,,,,,,,,,,,,,,,,,,,,,,,,,,,,,,,,,,,,,,,,,,
Singapore,SGP,Wholesale price index (2010 = 100),FP.WPI.TOTL,,,,,,,,,,,,,,,69.86330412,68.82032114,73.45580104,76.74202518,77.96711629,89.18332211,106.6491481,110.7714142,106.119379,102.2537199,101.6080638,99.33998966,84.3326235,90.69813071,89.0260469,91.30239863,92.88138213,89.07324546,85.17222741,81.46393823,81.12414717,81.1396274,81.23250878,80.29595485,77.85781857,79.4926095,87.51532802,86.02084611,83.26946658,84.97087676,89.34702636,97.94604537,102.8356836,103.126916,110.905886,95.48589822,100,108.4150828,108.8979154,105.9932557,102.4601471,86.77191907,80.73267934,86.43470264,91.96811772,88.97915389,81.26149601,93.64653587
Solomon Islands,SLB,Wholesale price index (2010 = 100),FP.WPI.TOTL,,,,,,,,,,,,,,,,,,,,,,,,,,,,,,,,,,,,,,,,,,,,,,,,,,,,,,,,,,,,,,
Sierra Leone,SLE,Wholesale price index (2010 = 100),FP.WPI.TOTL,,,,,,,,,,,4.046521441,4.273126641,4.74656965,5.988851732,7.550809008,8.817370219,10.80127852,12.75873471,14.92780778,18.08442632,22.12939491,26.98997024,32.3178662,46.2625372,67.02744406,100,,,,,,,,,,,,,,,,,,,,,,,,,,,,,,,,,,,,
El Salvador,SLV,Wholesale price index (2010 = 100),FP.WPI.TOTL,5.751675086,5.600448364,5.57346367,5.661163925,6.042884909,5.936632676,5.93831922,6.019273302,5.940567944,5.922578148,6.439784783,6.088983761,6.445968775,7.807009278,9.784762475,9.956789899,13.414766,19.75785563,15.8360801,17.03757539,19.72897801,21.69602783,23.54611792,25.14633953,26.62295598,30.30187077,40.14748673,40.4409493,42.66344977,46.80236182,55.6392002,59.49408621,60.79938325,65.38300805,70.52139405,77.89171706,81.63469387,82.46723442,77.53897718,76.40925262,78.90169081,77.65274709,74.41269706,76.18330771,80.4961416,85.7558458,91.52530616,95.82057867,106.173662,95.32552983,100,114.4379235,112.0936628,108.554247,110.8436637,111.345097,108.445562,,,,,
San Marino,SMR,Wholesale price index (2010 = 100),FP.WPI.TOTL,,,,,,,,,,,,,,,,,,,,,,,,,,,,,,,,,,,,,,,,,,,,,,,,,,,,,,,,,,,,,,
Somalia,SOM,Wholesale price index (2010 = 100),FP.WPI.TOTL,,,,,,,,,,,,,,,,,,,,,,,,,,,,,,,,,,,,,,,,,,,,,,,,,,,,,,,,,,,,,,
Serbia,SRB,Wholesale price index (2010 = 100),FP.WPI.TOTL,,,,,,,,,,,,,,,,,,,,,,,,,,,,,,,,,,,,,,,,,,,,,,,,,,,,,,,,,,,,,,
Sub-Saharan Africa (excluding high income),SSA,Wholesale price index (2010 = 100),FP.WPI.TOTL,,,,,,,,,,,,,,,,,,,,,,,,,,,,,,,,,,,,,,,,,,,,,,,,,,,,,,,,,,,,,,
South Sudan,SSD,Wholesale price index (2010 = 100),FP.WPI.TOTL,,,,,,,,,,,,,,,,,,,,,,,,,,,,,,,,,,,,,,,,,,,,,,,,,,,,,,,,,,,,,,
Sub-Saharan Africa,SSF,Wholesale price index (2010 = 100),FP.WPI.TOTL,,,,,,,,,,,,,,,,,,,,,,,,,,,,,,,,,,,,,,,,,,,,,,,,,,,,,,,,,,,,,,
Small states,SST,Wholesale price index (2010 = 100),FP.WPI.TOTL,,,,,,,,,,,,,,,,,,,,,,,,,,,,,,,,,,,,,,,,,,,,,,,,,,,,,,,,,,,,,,
Sao Tome and Principe,STP,Wholesale price index (2010 = 100),FP.WPI.TOTL,,,,,,,,,,,,,,,,,,,,,,,,,,,,,,,,,,,,,,,,,,,,,,,,,,,,,,,,,,,,,,
Suriname,SUR,Wholesale price index (2010 = 100),FP.WPI.TOTL,,,,,,,,,,,,,,,,,,,,,,,,,,,,,,,,,,,,,,,,,,,,,,,,,,,,,,,,,,,,,,
Slovak Republic,SVK,Wholesale price index (2010 = 100),FP.WPI.TOTL,,,,,,,,,,,,,,,,,,,,,78.86435331,82.2555205,88.40694006,89.1955836,96.52996845,98.26498423,98.26498423,98.34384858,98.10725552,95.42586751,100,168.9274448,177.8391167,,,,,,,,,,,,,,,,,,,,,,,,,,,,,
Slovenia,SVN,Wholesale price index (2010 = 100),FP.WPI.TOTL,,,,,,,,,,,,,,,,,,,,,,,,,,,,,,,,,,,,,,,,,,,,,,,,,,,,,,,,,,,,,,
Sweden,SWE,Wholesale price index (2010 = 100),FP.WPI.TOTL,,,79.79753521,80.63380282,84.99119718,88.20422535,90.625,88.6443662,87.76408451,93.30985915,100,100.4841549,102.8609155,118.4859155,158.9348592,,,,,,,,,,,,,,,,,,,,,,,,,,,,,,,,,,,,,,,,,,,,,,,
Eswatini,SWZ,Wholesale price index (2010 = 100),FP.WPI.TOTL,,,,,,,,,,,,,,,,,,,,,,,,,,,,,,,,,,,,,,,,,,,,,,,,,,,,,,,,,,,,,,
Sint Maarten (Dutch part),SXM,Wholesale price index (2010 = 100),FP.WPI.TOTL,,,,,,,,,,,,,,,,,,,,,,,,,,,,,,,,,,,,,,,,,,,,,,,,,,,,,,,,,,,,,,
Seychelles,SYC,Wholesale price index (2010 = 100),FP.WPI.TOTL,,,,,,,,,,,,,,,,,,,,,,,,,,,,,,,,,,,,,,,,,,,,,,,,,,,,,,,,,,,,,,
Syrian Arab Republic,SYR,Wholesale price index (2010 = 100),FP.WPI.TOTL,2.653639001,2.62764417,2.433003861,2.408673823,2.4573339,2.453278894,2.678331751,2.921632137,2.816201969,2.75334937,3.023007298,3.294692729,3.144657491,4.170574119,4.74435753,5.103225599,5.713504068,6.228489885,7.031381159,7.639632125,8.783143939,10.45194129,11.59375,11.94507576,12.99905303,14.31652462,20.11339962,29.51136364,43.36363636,49.38636364,60.22727273,68.65909091,70.46590909,76.48863636,87.32954545,93.35227273,96.36363636,98.77272727,98.17045455,96.36363636,90.90909091,87.27272727,91.81818182,96.36363636,97.27272727,100,104,108,115,145,,,,,,,,,,,,
Turks and Caicos Islands,TCA,Wholesale price index (2010 = 100),FP.WPI.TOTL,,,,,,,,,,,,,,,,,,,,,,,,,,,,,,,,,,,,,,,,,,,,,,,,,,,,,,,,,,,,,,
Chad,TCD,Wholesale price index (2010 = 100),FP.WPI.TOTL,,,,,,,,,,,,,,,,,,,,,,,,,,,,,,,,,,,,,,,,,,,,,,,,,,,,,,,,,,,,,,
East Asia & Pacific (IDA & IBRD countries),TEA,Wholesale price index (2010 = 100),FP.WPI.TOTL,,,,,,,,,,,,,,,,,,,,,,,,,,,,,,,,,,,,,,,,,,,,,,,,,,,,,,,,,,,,,,
Europe & Central Asia (IDA & IBRD countries),TEC,Wholesale price index (2010 = 100),FP.WPI.TOTL,,,,,,,,,,,,,,,,,,,,,,,,,,,,,,,,,,,,,,,,,,,,,,,,,,,,,,,,,,,,,,
Togo,TGO,Wholesale price index (2010 = 100),FP.WPI.TOTL,,,,,,,,,,,,,,,,,,,,,,,,,,,,,,,,,,,,,,,,,,,,,,,,,,,,,,,,,,,,,,
Thailand,THA,Wholesale price index (2010 = 100),FP.WPI.TOTL,19.35183014,20.9335602,22.25291798,20.84735216,19.59171337,20.21016233,23.07751659,24.8354109,23.69221737,24.47933423,23.96958236,23.07376841,24.81667002,34.42324385,43.43385776,42.30565693,44.97810607,45.83269008,48.68505164,57.66942833,66.75875393,62.31341778,56.38380413,60.40559645,58.53848779,58.52386292,59.78160191,63.11607273,69.63876566,70.77950568,70.35050943,71.2231268,72.70023887,71.21337688,79.31555599,92.18544338,93.11656023,92.51694048,111.0320285,98.171891,100,,,,,,,,,,,,,,,,,,,,,
Tajikistan,TJK,Wholesale price index (2010 = 100),FP.WPI.TOTL,,,,,,,,,,,,,,,,,,,,,,,,,,,,,,,,,,,,,,,,,,,,,,,,,,,,,,,,,,,,,,
Turkmenistan,TKM,Wholesale price index (2010 = 100),FP.WPI.TOTL,,,,,,,,,,,,,,,,,,,,,,,,,,,,,,,,,,,,,,,,,,,,,,,,,,,,,,,,,,,,,,
Latin America & the Caribbean (IDA & IBRD countries),TLA,Wholesale price index (2010 = 100),FP.WPI.TOTL,,,,,,,,,,,,,,,,,,,,,,,,,,,,,,,,,,,,,,,,,,,,,,,,,,,,,,,,,,,,,,
Timor-Leste,TLS,Wholesale price index (2010 = 100),FP.WPI.TOTL,,,,,,,,,,,,,,,,,,,,,,,,,,,,,,,,,,,,,,,,,,,,,,,,,,,,,,,,,,,,,,
Middle East & North Africa (IDA & IBRD countries),TMN,Wholesale price index (2010 = 100),FP.WPI.TOTL,,,,,,,,,,,,,,,,,,,,,,,,,,,,,,,,,,,,,,,,,,,,,,,,,,,,,,,,,,,,,,
Tonga,TON,Wholesale price index (2010 = 100),FP.WPI.TOTL,,,,,,,,,,,,,,,,,,,,,,,,,,,,,,,,,,,,,,,,,,,,,,,,,,,,,,,,,,,,,,
South Asia (IDA & IBRD),TSA,Wholesale price index (2010 = 100),FP.WPI.TOTL,,,,,,,,,,,,,,,,,,,,,,,,,,,,,,,,,,,,,,,,,,,,,,,,,,,,,,,,,,,,,,
Sub-Saharan Africa (IDA & IBRD countries),TSS,Wholesale price index (2010 = 100),FP.WPI.TOTL,,,,,,,,,,,,,,,,,,,,,,,,,,,,,,,,,,,,,,,,,,,,,,,,,,,,,,,,,,,,,,
Trinidad and Tobago,TTO,Wholesale price index (2010 = 100),FP.WPI.TOTL,,,,,,,,,,,,,,,,,,,,,,,,,,,,,,,,,,,,,,,,,,,,,,,,,,,,,,,,,,,,,,
Tunisia,TUN,Wholesale price index (2010 = 100),FP.WPI.TOTL,,,21.61664709,22.69640149,23.79951163,26.87708115,27.81849763,28.84615074,29.84865149,30.15946266,31.35779241,33.6756559,34.16692798,35.99874569,43.62652869,47.75530469,48.338037,50.68725828,52.2603742,56.05728023,62.12501307,69.89913243,81.71579387,87.09626842,93.30511132,100,105.667921,108.484896,,,,,,,,,,,,,,,,,,,,,,,,,,,,,,,,,,
Turkiye,TUR,Wholesale price index (2010 = 100),FP.WPI.TOTL,,,,,,,,,,,,,,,,,,,,,,0.003485761,0.004426917,0.005775906,0.008683031,0.012437196,0.016113222,0.021277377,0.036270835,0.059475587,0.090583112,0.140717931,0.228102192,0.360323155,0.797252667,1.483089274,2.609275105,4.743759671,8.151244146,12.47647274,18.89369234,30.53736823,45.83883936,57.55652688,63.94079336,69.20754414,75.9662204,80.75843975,91.02859546,92.15248919,100,111.0852868,117.8529188,123.1343125,,,,,,,,
Tuvalu,TUV,Wholesale price index (2010 = 100),FP.WPI.TOTL,,,,,,,,,,,,,,,,,,,,,,,,,,,,,,,,,,,,,,,,,,,,,,,,,,,,,,,,,,,,,,
Tanzania,TZA,Wholesale price index (2010 = 100),FP.WPI.TOTL,,,,,,,,,,,,,,,,,,,,,,,,,,,,,,,,,,,,,,,,,,,,,,,,,,,,,,,,,,,,,,
Uganda,UGA,Wholesale price index (2010 = 100),FP.WPI.TOTL,,,,,,,,,,,,,,,,,,,,,,,,,,,,,,,,,,,,,,,,,,,,,,,,,,,,,,,,,,,,,,
Ukraine,UKR,Wholesale price index (2010 = 100),FP.WPI.TOTL,,,,,,,,,,,,,,,,,,,,,,,,,,,,,,,,,,,,,,,,,,,,,,,,,,,,,,,,,,,,,,
Upper middle income,UMC,Wholesale price index (2010 = 100),FP.WPI.TOTL,,,,,,,,,,,,,,,,,,,,,,,,,,,,,,,,,,,,,,,,,,,,,,,,,,,,,,,,,,,,,,
Uruguay,URY,Wholesale price index (2010 = 100),FP.WPI.TOTL,,5.28E-06,5.70E-06,6.81E-06,1.02E-05,1.63E-05,3.12E-05,5.27E-05,0.000122211,0.000141052,0.000160402,0.000192889,0.000366836,0.000788157,0.00140797,0.002427004,0.003654916,0.005494086,0.008162863,0.014727006,0.020876752,0.025769459,0.029095832,0.050474667,0.089530573,0.158086523,0.264269328,0.431346284,0.67910606,1.176102631,2.442502199,4.582568553,7.254961586,9.675889616,12.98494518,17.88166534,22.35641756,26.01421275,28.43098072,28.18075478,30.10834125,32.08941826,42.33386837,58.80858287,67.44853532,65.71434077,69.60150376,77.82375199,91.00657214,92.92902774,100,115.9300801,123.3804944,127.6462926,141.5916578,151.2672959,156.3376949,,,,,
United States,USA,Wholesale price index (2010 = 100),FP.WPI.TOTL,,,,,,,,,,,,,,,,,,,,,,,,,,,,,,,,,,,,,,,,,,,,,,,,,,,,,,,,,,,,,,
Uzbekistan,UZB,Wholesale price index (2010 = 100),FP.WPI.TOTL,,,,,,,,,,,,,,,,,,,,,,,,,,,,,,,,,,,,,,,,,,,,,,,,,,,,,,,,,,,,,,
St. Vincent and the Grenadines,VCT,Wholesale price index (2010 = 100),FP.WPI.TOTL,,,,,,,,,,,,,,,,,,,,,,,,,,,,,,,,,,,,,,,,,,,,,,,,,,,,,,,,,,,,,,
"Venezuela, RB",VEN,Wholesale price index (2010 = 100),FP.WPI.TOTL,0.013286432,0.013484553,0.014129472,0.014579003,0.015210259,0.01570078,0.015913931,0.016127083,0.016398987,0.01664903,0.016907271,0.017507101,0.018109663,0.019318887,0.022548949,0.025634177,0.027470558,0.030305744,0.032538367,0.035552545,0.042672619,0.048578003,0.052769979,0.056164003,0.065975795,0.078003814,0.091230155,0.132810748,0.158462175,0.312929364,0.398138826,0.486750797,0.601476893,0.811755405,1.446196583,2.281250436,4.636346063,6.016157022,7.349946633,8.541632074,9.838225422,11.36729474,15.60450287,23.62646967,30.83515443,36.36724046,41.22570435,49.10926923,61.05564365,78.94228384,100,122.1080406,141.3765381,194.4413347,305.7180116,751.6161404,4005.102188,,,,,
British Virgin Islands,VGB,Wholesale price index (2010 = 100),FP.WPI.TOTL,,,,,,,,,,,,,,,,,,,,,,,,,,,,,,,,,,,,,,,,,,,,,,,,,,,,,,,,,,,,,,
Virgin Islands (U.S.),VIR,Wholesale price index (2010 = 100),FP.WPI.TOTL,,,,,,,,,,,,,,,,,,,,,,,,,,,,,,,,,,,,,,,,,,,,,,,,,,,,,,,,,,,,,,
Vietnam,VNM,Wholesale price index (2010 = 100),FP.WPI.TOTL,27.12777419,30.295195,31.11398406,32.14824391,33.24714501,35.94053006,46.73561732,62.20642103,67.291532,80.3490627,100,119.0907132,158.8881707,241.3703943,413.7039431,,,,,,,,,,,,,,,,,,,,,,,,,,,,,,,,,,,,,,,,,,,,,,,
Vanuatu,VUT,Wholesale price index (2010 = 100),FP.WPI.TOTL,,,,,,,,,,,,,,,,,,,,,,,,,,,,,,,,,,,,,,,,,,,,,,,,,,,,,,,,,,,,,,
World,WLD,Wholesale price index (2010 = 100),FP.WPI.TOTL,,,,,,,,,2.42139973,2.518817727,2.645024588,2.760360217,2.918904741,3.363721475,4.082509939,4.545547404,4.981356234,5.557584616,6.034068774,6.89025399,8.254904702,9.082438834,10.16039613,11.47336019,13.0779609,14.57391359,15.52808902,17.40167304,19.84504836,22.13632478,27.92964384,31.85445386,36.44784365,42.73101222,54.00429081,62.31644682,66.29703442,69.40360439,71.59383536,74.67279819,80.35579923,83.10162607,84.84018436,89.10683724,94.46101401,100,105.0875286,110.0352391,120.3108947,115.4908661,,,,,,,,,,,,
Samoa,WSM,Wholesale price index (2010 = 100),FP.WPI.TOTL,,,,,,,,,,,,,,,,,,,,,,,,,,,,,,,,,,,,,,,,,,,,,,,,,,,,,,,,,,,,,,
Kosovo,XKX,Wholesale price index (2010 = 100),FP.WPI.TOTL,,,,,,,,,,,,,,,,,,,,,,,,,,,,,,,,,,,,,,,,,,,,,,,,,,,,,,,,,,,,,,
"Yemen, Rep.",YEM,Wholesale price index (2010 = 100),FP.WPI.TOTL,,,,,,,,,,,,,,,,,,,,,,,,,,,,,,,,,,,,,,,,,,,,,,,,,,,,,,,,,,,,,,
South Africa,ZAF,Wholesale price index (2010 = 100),FP.WPI.TOTL,,,,,,,,,,,,,,,,,,,,,,,,,,,,,,,,,,,,,,,,,,,,,,,,,,,,,,,,,,,,,,
Zambia,ZMB,Wholesale price index (2010 = 100),FP.WPI.TOTL,,,,,,,0.02154744,0.021299645,0.023158111,0.025366724,0.024747235,0.023206593,0.024391702,0.029762402,0.033581686,0.031346139,0.037390196,0.04559977,0.053082119,0.065983649,0.074796552,0.075868537,0.080910638,0.100411071,0.128460452,0.189100335,0.408302444,0.752948363,0.8399677,1.547197782,3.335398296,6.394305227,14.14905119,34.07385062,58.13046867,100,,,,,,,,,,,,,,,,,,,,,,,,,,
Zimbabwe,ZWE,Wholesale price index (2010 = 100),FP.WPI.TOTL,,,,,,,,,,,,,,,,,,,,,,,,,,,,,,,,,,,,,,,,,,,,,,,,,,,,,,,,,,,,,,
